rank,pl_name,hostname,composite_score,evidence_score,data_confidence_score,habitability_ceiling,sy_dist_pc,mass_me,radius_re,period_days,sma_au,eq_temp_k,star_teff_k,age_gyr,rankable,risk_flags,missing_data
1,GJ 1061 d,GJ 1061,7.934,7.934,10.0,10.0,3.67278,1.67,1.16,13.066,0.054,,2953.0,7.0,True,M-dwarf flare/tidal-lock risk,none
2,TRAPPIST-1 e,TRAPPIST-1,7.562,7.562,10.0,10.0,12.42988881,0.692,0.92,6.101013,0.02925,249.7,2566.0,7.6,True,M-dwarf flare/tidal-lock risk,none
3,K2-3 d,K2-3,6.706,6.706,10.0,10.0,44.0727,2.2,1.458,44.55603,0.2014,305.2,3844.0,6.9,True,none,none
4,TRAPPIST-1 f,TRAPPIST-1,6.539,6.539,10.0,10.0,12.42988881,1.039,1.045,9.20754,0.03849,217.7,2566.0,7.6,True,M-dwarf flare/tidal-lock risk,none
5,Gliese 12 b,Gliese 12,6.224,6.224,10.0,10.0,12.21,0.95,0.93,12.761418,0.067,314.6,3328.0,7.0,True,M-dwarf flare/tidal-lock risk,none
6,TRAPPIST-1 g,TRAPPIST-1,6.133,6.133,10.0,10.0,12.42988881,1.321,1.129,12.352446,0.04683,197.3,2566.0,7.6,True,M-dwarf flare/tidal-lock risk,none
7,Kepler-138 e,Kepler-138,6.119,6.119,10.0,10.0,66.8624,0.43,0.797,38.23,0.1803,292.0,3841.0,2.21,True,none,none
8,GJ 1061 c,GJ 1061,5.952,5.952,10.0,10.0,3.67278,1.81,1.19,6.6821,0.0342,,2953.0,7.0,True,M-dwarf flare/tidal-lock risk,none
9,TRAPPIST-1 d,TRAPPIST-1,5.674,5.674,10.0,10.0,12.42988881,0.388,0.788,4.049219,0.02227,286.2,2566.0,7.6,True,M-dwarf flare/tidal-lock risk,none
10,Kepler-442 b,Kepler-442,5.655,6.245,8.2,10.0,365.965,,1.34,112.3053,0.409,241.0,4402.0,2.9,True,mass missing,"atmosphere_hold, magnetic_field"
11,GJ 1061 b,GJ 1061,5.582,5.582,10.0,10.0,3.67278,1.11,1.04,3.2073,0.021,,2953.0,7.0,True,M-dwarf flare/tidal-lock risk,none
12,TOI-1266 d,TOI-1266,5.449,5.449,10.0,10.0,36.0118,3.68,1.74,32.509,0.1513,288.0,3563.0,4.6,True,M-dwarf flare/tidal-lock risk,none
13,GJ 581 e,GJ 581,5.406,5.406,10.0,10.0,6.2981,2.48,1.38,3.1481,0.02799,,3500.0,4.3,True,M-dwarf flare/tidal-lock risk,none
14,Kepler-138 d,Kepler-138,5.38,5.38,10.0,6.5,66.8624,2.1,1.51,23.0923,0.1288,345.0,3841.0,2.21,True,warm edge temperature,none
15,TRAPPIST-1 c,TRAPPIST-1,5.376,5.376,10.0,6.5,12.42988881,1.308,1.097,2.421937,0.0158,339.7,2566.0,7.6,True,"warm edge temperature, M-dwarf flare/tidal-lock risk",none
16,K2-3 c,K2-3,5.285,5.285,10.0,6.5,44.0727,2.68,1.582,24.646729,0.1357,371.8,3844.0,6.9,True,warm edge temperature,none
17,Kepler-49 e,Kepler-49,5.197,5.197,10.0,6.5,311.222,1.03815,1.56,18.596108,0.116,371.0,4252.0,2.88,True,warm edge temperature,none
18,TOI-2095 b,TOI-2095,5.146,5.146,10.0,6.5,41.9176,4.1,1.25,17.66484,0.101,347.0,3759.0,1.0,True,warm edge temperature,none
19,Kepler-62 f,Kepler-62,5.09,5.09,10.0,10.0,300.874,35.0,1.41,267.291,0.718,208.0,4925.0,7.0,True,none,none
20,TOI-700 d,TOI-700,5.073,5.603,8.2,10.0,31.1265,,1.073,37.42396,0.1633,268.8,3459.0,1.5,True,"mass missing, M-dwarf flare/tidal-lock risk","atmosphere_hold, magnetic_field"
21,LP 890-9 c,LP 890-9,5.048,5.048,10.0,10.0,32.4298,25.3,1.367,8.457463,0.03984,272.0,2850.0,7.2,True,M-dwarf flare/tidal-lock risk,none
22,TRAPPIST-1 h,TRAPPIST-1,5.007,5.007,10.0,10.0,12.42988881,0.326,0.755,18.772866,0.06189,171.7,2566.0,7.6,True,M-dwarf flare/tidal-lock risk,none
23,Kepler-83 c,Kepler-83,4.966,4.966,10.0,6.5,400.409,2.03,2.36,20.09,0.11796,362.0,4082.0,3.09,True,warm edge temperature,none
24,Kepler-22 b,Kepler-22,4.85,4.85,10.0,10.0,194.642,9.1,2.1,289.863876,0.812,279.0,5596.0,7.0,True,none,none
25,HD 10180 g,HD 10180,4.657,5.143,8.2,10.0,38.9607,3375.33768234,,604.67,1.427,,5911.0,4.3,True,radius missing,"atmosphere_hold, rocky_likelihood"
26,LHS 1140 b,LHS 1140,4.633,4.633,10.0,10.0,14.9861,5.6,1.73,24.73723,0.0946,226.0,3096.0,5.0,True,M-dwarf flare/tidal-lock risk,none
27,TOI-1266 c,TOI-1266,4.49,4.49,10.0,6.5,36.0118,3.17,1.98,18.8027,0.105,346.0,3563.0,4.6,True,"warm edge temperature, M-dwarf flare/tidal-lock risk",none
28,Kepler-1544 b,Kepler-1544,4.459,4.925,8.2,10.0,335.09,,1.78,168.811174,0.54465,269.0,4886.0,2.34,True,mass missing,"atmosphere_hold, magnetic_field"
29,HD 160691 b,HD 160691,4.419,4.88,8.2,10.0,15.5981,1366.6621501,,645.0,1.5,,5773.0,5.7,True,radius missing,"atmosphere_hold, rocky_likelihood"
30,Kepler-705 b,Kepler-705,4.418,4.879,8.2,10.0,276.881,,2.11,56.0560538,0.232,265.0,3722.0,3.89,True,mass missing,"atmosphere_hold, magnetic_field"
31,TOI-4336 A b,TOI-4336 A,4.363,4.363,10.0,10.0,22.5455,3.33,2.137,16.336351,0.0849,309.4,3307.0,6.7,True,M-dwarf flare/tidal-lock risk,none
32,GJ 1002 b,GJ 1002,4.352,5.059,7.4,10.0,4.84867,,1.03,10.3465,0.0457,230.9,3024.0,,True,"mass missing, M-dwarf flare/tidal-lock risk","atmosphere_hold, magnetic_field, system_age"
33,Kepler-1512 b,Kepler-1512,4.302,4.751,8.2,10.0,162.0,,1.18,20.35972599,0.13693,322.0,4372.0,1.78,True,mass missing,"atmosphere_hold, magnetic_field"
34,Wolf 1069 b,Wolf 1069,4.29,4.987,7.4,10.0,9.58341,,1.08,15.564,0.0672,250.1,3158.0,,True,"mass missing, M-dwarf flare/tidal-lock risk","atmosphere_hold, magnetic_field, system_age"
35,Kepler-174 d,Kepler-174,4.266,4.711,8.2,10.0,384.757,,2.19,247.35373,0.677,212.0,4880.0,4.9,True,mass missing,"atmosphere_hold, magnetic_field"
36,Proxima Cen b,Proxima Cen,4.259,4.95,7.4,10.0,1.30119,,1.02,11.18465,0.04848,218.0,2900.0,,True,"mass missing, M-dwarf flare/tidal-lock risk","atmosphere_hold, magnetic_field, system_age"
37,TOI-715 b,TOI-715,4.224,4.664,8.2,10.0,42.4048,,1.55,19.288004,0.083,234.0,3075.0,6.2,True,"mass missing, M-dwarf flare/tidal-lock risk","atmosphere_hold, magnetic_field"
38,Kepler-283 c,Kepler-283,4.221,4.661,8.2,10.0,468.094,,1.82,92.743711,0.341,240.0,4351.0,3.09,True,mass missing,"atmosphere_hold, magnetic_field"
39,Kepler-1540 b,Kepler-1540,4.182,4.619,8.2,10.0,244.96,,2.49,125.4131177,0.4426,266.0,4540.0,2.51,True,mass missing,"atmosphere_hold, magnetic_field"
40,Kepler-62 e,Kepler-62,4.149,4.149,10.0,10.0,300.874,36.0,1.61,122.3874,0.427,270.0,4925.0,7.0,True,none,none
41,Kepler-1229 b,Kepler-1229,4.14,4.572,8.2,10.0,265.482,,1.4,86.828989,0.3006,212.0,3784.0,3.72,True,mass missing,"atmosphere_hold, magnetic_field"
42,Teegarden's Star c,Teegarden's Star,4.129,4.559,8.2,10.0,3.83078,,1.02,11.416,0.0455,209.0,3034.0,8.0,True,"mass missing, M-dwarf flare/tidal-lock risk","atmosphere_hold, magnetic_field"
43,Kepler-1652 b,Kepler-1652,4.113,4.542,8.2,10.0,252.0,,1.6,38.09722,0.1654,268.0,3638.0,3.2,True,"mass missing, M-dwarf flare/tidal-lock risk","atmosphere_hold, magnetic_field"
44,TOI-2095 c,TOI-2095,4.083,4.083,10.0,10.0,41.9176,7.4,1.33,28.17232,0.137,297.0,3759.0,1.0,True,none,none
45,Kepler-443 b,Kepler-443,4.047,4.469,8.2,10.0,802.271,,2.33,177.6693,0.495,233.0,4723.0,3.2,True,mass missing,"atmosphere_hold, magnetic_field"
46,WASP-47 c,WASP-47,4.046,4.468,8.2,10.0,264.78,447.0,,589.57,1.393,247.0,5565.0,6.5,True,radius missing,"atmosphere_hold, rocky_likelihood"
47,Teegarden's Star b,Teegarden's Star,4.0,4.418,8.2,10.0,3.83078,,1.05,4.90634,0.0259,277.0,3034.0,8.0,True,"mass missing, M-dwarf flare/tidal-lock risk","atmosphere_hold, magnetic_field"
48,Kepler-438 b,Kepler-438,3.962,4.375,8.2,10.0,195.94287175,,1.12,35.23319,0.166,288.0,3748.0,4.4,True,mass missing,"atmosphere_hold, magnetic_field"
49,TOI-700 e,TOI-700,3.808,4.205,8.2,10.0,31.1265,,0.953,27.80978,0.134,272.9,3459.0,1.5,True,"mass missing, M-dwarf flare/tidal-lock risk","atmosphere_hold, magnetic_field"
50,Kepler-296 f,Kepler-296,3.775,4.169,8.2,10.0,167.0,,1.8,63.33627,0.255,274.0,3740.0,4.2,True,mass missing,"atmosphere_hold, magnetic_field"
51,GJ 887 d,GJ 887,3.762,4.155,8.2,10.0,3.28679,,2.34,50.77,0.212,241.0,3688.0,2.9,True,"mass missing, M-dwarf flare/tidal-lock risk","atmosphere_hold, magnetic_field"
52,GJ 667 C c,GJ 667 C,3.677,4.06,8.2,10.0,7.24396,,1.77,28.14,0.125,,3350.0,2.0,True,"mass missing, M-dwarf flare/tidal-lock risk","atmosphere_hold, magnetic_field"
53,Ross 128 b,Ross 128,3.635,4.014,8.2,10.0,3.37454,,1.11,9.8658,0.0496,301.0,3192.0,5.0,True,"mass missing, M-dwarf flare/tidal-lock risk","atmosphere_hold, magnetic_field"
54,L 98-59 f,L 98-59,3.557,3.928,8.2,10.0,10.6194,,1.48,23.064,0.1052,285.0,3415.0,4.94,True,"mass missing, M-dwarf flare/tidal-lock risk","atmosphere_hold, magnetic_field"
55,TOI-904 c,TOI-904,3.552,3.922,8.2,10.0,46.0891,,2.167,83.9997,0.312,217.26,3770.2,1.5,True,mass missing,"atmosphere_hold, magnetic_field"
56,Kepler-220 e,Kepler-220,3.548,3.918,8.2,6.5,171.109,,1.33,45.902733,0.226,341.0,4632.0,6.0,True,"warm edge temperature, mass missing","atmosphere_hold, magnetic_field"
57,Kepler-186 e,Kepler-186,3.544,3.914,8.2,10.0,177.594,,1.27,22.407704,0.11,319.0,3788.0,4.0,True,mass missing,"atmosphere_hold, magnetic_field"
58,Kepler-1459 b,Kepler-1459,3.51,3.876,8.2,6.5,455.479,,1.36,62.8691611,0.2829,349.0,4828.0,3.89,True,"warm edge temperature, mass missing","atmosphere_hold, magnetic_field"
59,TOI-1080 b,TOI-1080,3.464,3.464,10.0,6.5,25.559,10.7,1.2,3.9652482,0.0272,368.0,3065.0,6.0,True,"warm edge temperature, M-dwarf flare/tidal-lock risk",none
60,Kepler-296 e,Kepler-296,3.421,3.778,8.2,6.5,167.0,,1.53,34.14211,0.169,337.0,3740.0,4.2,True,"warm edge temperature, mass missing","atmosphere_hold, magnetic_field"
61,Kepler-367 c,Kepler-367,3.395,3.749,8.2,6.5,188.027,,1.2,53.578637,0.253,357.0,4710.0,2.29,True,"warm edge temperature, mass missing","atmosphere_hold, magnetic_field"
62,Kepler-54 d,Kepler-54,3.386,3.386,10.0,10.0,271.701,12.0946,1.53,20.995694,0.126,328.0,4252.0,4.83,True,none,none
63,Kepler-1410 b,Kepler-1410,3.378,3.73,8.2,10.0,367.0,,1.78,60.866168,0.2543,290.0,4092.0,4.07,True,mass missing,"atmosphere_hold, magnetic_field"
64,Kepler-395 c,Kepler-395,3.359,3.71,8.2,6.5,421.382,,1.32,34.989262,0.177,341.0,4262.0,1.6,True,"warm edge temperature, mass missing","atmosphere_hold, magnetic_field"
65,LHS 1903 e,LHS 1903,3.351,3.351,10.0,6.5,35.6917,5.79,1.732,29.31773,0.15135,333.0,3664.0,7.08,True,"warm edge temperature, M-dwarf flare/tidal-lock risk",none
66,Kepler-1185 b,Kepler-1185,3.307,3.652,8.2,6.5,459.273,,1.33,104.3518976,0.4297,355.0,5622.0,1.55,True,"warm edge temperature, mass missing","atmosphere_hold, magnetic_field"
67,YZ Cet d,YZ Cet,3.286,3.629,8.2,6.5,3.71207,,1.03,4.65626,0.02851,356.7,3151.0,3.8,True,"warm edge temperature, mass missing, M-dwarf flare/tidal-lock risk","atmosphere_hold, magnetic_field"
68,HN Lib b,HN Lib,3.266,3.607,8.2,10.0,6.24442,,2.2,36.116,0.1417,234.4,3347.0,4.4,True,"mass missing, M-dwarf flare/tidal-lock risk","atmosphere_hold, magnetic_field"
69,Kepler-1653 b,Kepler-1653,3.254,3.594,8.2,10.0,755.0,,2.17,140.2524,0.4706,284.0,4807.0,7.7,True,mass missing,"atmosphere_hold, magnetic_field"
70,Kepler-155 c,Kepler-155,3.199,3.533,8.2,10.0,293.499,,2.24,52.661793,0.242,286.0,4508.0,2.9,True,mass missing,"atmosphere_hold, magnetic_field"
71,Teegarden's Star d,Teegarden's Star,3.196,3.529,8.2,10.0,3.83078,,0.954,26.13,0.0791,159.0,3034.0,8.0,True,"mass missing, M-dwarf flare/tidal-lock risk","atmosphere_hold, magnetic_field"
72,Kepler-1646 b,Kepler-1646,3.174,3.505,8.2,6.5,127.591,,1.23,4.48558383,0.0295,365.0,3299.0,4.68,True,"warm edge temperature, mass missing, M-dwarf flare/tidal-lock risk","atmosphere_hold, magnetic_field"
73,HD 20794 f,HD 20794,3.093,3.415,8.2,10.0,6.00278,,2.28,647.6,1.3541,,5368.0,5.76,True,mass missing,"atmosphere_hold, magnetic_field"
74,HD 7199 b,HD 7199,3.091,3.413,8.2,10.0,36.1531,3639.13526015,,615.0,1.36,,5371.0,6.79,True,radius missing,"atmosphere_hold, rocky_likelihood"
75,Kepler-1649 c,Kepler-1649,3.063,3.56,7.4,10.0,92.1913,,1.06,19.53527,0.0649,234.0,3240.0,,True,"mass missing, M-dwarf flare/tidal-lock risk","atmosphere_hold, magnetic_field, system_age"
76,GJ 3998 b,GJ 3998,3.06,3.379,8.2,10.0,18.1459,,1.39,2.65033,0.03,,3726.0,8.38,True,mass missing,"atmosphere_hold, magnetic_field"
77,Kepler-445 d,Kepler-445,3.039,3.356,8.2,10.0,127.201,,1.25,8.15275,0.0439,305.0,3157.0,6.61,True,"mass missing, M-dwarf flare/tidal-lock risk","atmosphere_hold, magnetic_field"
78,TOI-2093 c,TOI-2093,3.026,3.026,10.0,10.0,82.7982,15.8,2.3,53.81149,0.257,329.0,4426.0,6.6,True,none,none
79,Kepler-1638 b,Kepler-1638,3.01,3.324,8.2,10.0,1525.52,,1.87,259.33683,0.745,304.0,5710.0,4.37,True,mass missing,"atmosphere_hold, magnetic_field"
80,GJ 411 b,GJ 411,2.979,3.29,8.2,6.5,5.675773,,1.45,12.9394,0.07879,349.83,3719.0,8.047,True,"warm edge temperature, mass missing","atmosphere_hold, magnetic_field"
81,GJ 1132 c,GJ 1132,2.912,3.216,8.2,10.0,12.613,,1.43,8.929,0.0476,300.0,3270.0,5.0,True,"mass missing, M-dwarf flare/tidal-lock risk","atmosphere_hold, magnetic_field"
82,GJ 251 c,GJ 251,2.891,3.193,8.2,10.0,5.58057,,1.8,53.647,0.196,216.0,3342.0,6.8,True,"mass missing, M-dwarf flare/tidal-lock risk","atmosphere_hold, magnetic_field"
83,Kepler-310 d,Kepler-310,2.873,2.873,10.0,6.5,602.268,7.0,2.47,92.876125,0.392,353.0,5797.0,1.9,True,warm edge temperature,none
84,BEBOP-4 AB b,BEBOP-4 A,2.862,3.327,7.4,10.0,234.294,8358.8871041,,1823.5,3.634,,5701.43,,True,radius missing,"atmosphere_hold, rocky_likelihood, system_age"
85,TOI-2257 b,TOI-2257,2.84,3.301,7.4,10.0,57.7911,,2.194,35.189346,0.145,256.0,3430.0,,True,"mass missing, M-dwarf flare/tidal-lock risk","atmosphere_hold, magnetic_field, system_age"
86,GJ 433 d,GJ 433,2.836,3.297,7.4,10.0,9.06456,,2.14,36.059,0.178,,3461.0,,True,"mass missing, M-dwarf flare/tidal-lock risk","atmosphere_hold, magnetic_field, system_age"
87,GJ 180 c,GJ 180,2.787,3.24,7.4,10.0,11.9407,,2.41,24.329,0.129,,3371.0,,True,"mass missing, M-dwarf flare/tidal-lock risk","atmosphere_hold, magnetic_field, system_age"
88,K2-288 B b,K2-288 B,2.736,3.022,8.2,10.0,65.6138,,1.9,31.393463,0.164,226.36,3341.0,1.0,True,"mass missing, M-dwarf flare/tidal-lock risk","atmosphere_hold, magnetic_field"
89,L 98-59 e,L 98-59,2.732,3.017,8.2,6.5,10.6194,,1.49,12.8278,0.0712,347.0,3415.0,4.94,True,"warm edge temperature, mass missing, M-dwarf flare/tidal-lock risk","atmosphere_hold, magnetic_field"
90,K2-72 e,K2-72,2.724,3.166,7.4,10.0,66.4321,,1.29,24.158868,0.106,,3360.47,,True,"mass missing, M-dwarf flare/tidal-lock risk","atmosphere_hold, magnetic_field, system_age"
91,TOI-7166 b,TOI-7166,2.72,3.003,8.2,10.0,35.4153,,2.01,12.92063621,0.06191,249.0,3099.0,4.0,True,"mass missing, M-dwarf flare/tidal-lock risk","atmosphere_hold, magnetic_field"
92,Kepler-1126 c,Kepler-1126,2.697,2.979,8.2,10.0,635.736,,1.45,199.66876,0.6193,305.0,5678.0,12.3,True,mass missing,"atmosphere_hold, magnetic_field"
93,Gl 725 A b,Gl 725 A,2.688,2.968,8.2,10.0,3.5214,,1.48,11.2201,0.068,,3433.0,6.2,True,"mass missing, M-dwarf flare/tidal-lock risk","atmosphere_hold, magnetic_field"
94,HD 20781 b,HD 20781,2.681,3.117,7.4,10.0,35.9715,,1.21,5.3135,0.0529,,5256.0,,True,mass missing,"atmosphere_hold, magnetic_field, system_age"
95,K2-414 b,K2-414,2.678,3.114,7.4,10.0,260.036,,1.219,4.3696,0.0487,,4343.0,,True,mass missing,"atmosphere_hold, magnetic_field, system_age"
96,Kepler-440 b,Kepler-440,2.669,2.948,8.2,10.0,301.03,,1.86,101.11141,0.242,229.0,4134.0,1.3,True,mass missing,"atmosphere_hold, magnetic_field"
97,Kepler-441 b,Kepler-441,2.663,2.94,8.2,10.0,268.003,,1.64,207.2482,0.64,189.0,4340.0,1.9,True,mass missing,"atmosphere_hold, magnetic_field"
98,GJ 1002 c,GJ 1002,2.641,3.07,7.4,10.0,4.84867,,1.1,21.202,0.0738,181.7,3024.0,,True,"mass missing, M-dwarf flare/tidal-lock risk","atmosphere_hold, magnetic_field, system_age"
99,K2-130 b,K2-130,2.635,3.063,7.4,10.0,118.011,,1.25,2.49412,0.032,,4356.47,,True,mass missing,"atmosphere_hold, magnetic_field, system_age"
100,K2-413 c,K2-413,2.63,3.057,7.4,10.0,285.162,,1.2327,5.3301,0.0426,,4116.0,,True,mass missing,"atmosphere_hold, magnetic_field, system_age"
101,GJ 3998 d,GJ 3998,2.627,2.901,8.2,10.0,18.1459,,2.34,41.78,0.189,,3726.0,8.38,True,mass missing,"atmosphere_hold, magnetic_field"
102,Kepler-1701 b,Kepler-1701,2.602,2.873,8.2,10.0,584.142,,2.22186207,169.134,0.5738,273.0,5146.0,1.29,True,mass missing,"atmosphere_hold, magnetic_field"
103,TOI-771 c,TOI-771,2.594,2.865,8.2,6.5,25.2788,,1.5,7.61,0.046,365.0,3370.0,6.7,True,"warm edge temperature, mass missing, M-dwarf flare/tidal-lock risk","atmosphere_hold, magnetic_field"
104,K2-83 b,K2-83,2.587,3.007,7.4,10.0,125.529,,1.244,2.74697,0.03014,,3910.0,,True,mass missing,"atmosphere_hold, magnetic_field, system_age"
105,Kepler-1606 b,Kepler-1606,2.586,2.856,8.2,10.0,831.287,,2.07,196.435224,0.6421,324.0,5422.0,4.27,True,mass missing,"atmosphere_hold, magnetic_field"
106,55 Cnc B c,55 Cnc B,2.573,2.841,8.2,10.0,12.4773,,2.16,33.747,0.13,,3286.0,10.0,True,"mass missing, M-dwarf flare/tidal-lock risk","atmosphere_hold, magnetic_field"
107,K2-90 c,K2-90,2.562,2.979,7.4,10.0,134.188,,1.3,2.900706,0.035,,4421.98,,True,mass missing,"atmosphere_hold, magnetic_field, system_age"
108,Kepler-1630 b,Kepler-1630,2.557,2.824,8.2,10.0,331.213,,2.19,509.997402,1.1218,182.0,4736.0,5.01,True,mass missing,"atmosphere_hold, magnetic_field"
109,Kepler-1455 b,Kepler-1455,2.535,2.799,8.2,10.0,357.621,,2.16,49.276764,0.2149,298.0,4075.0,4.17,True,mass missing,"atmosphere_hold, magnetic_field"
110,Kepler-1450 b,Kepler-1450,2.53,2.793,8.2,10.0,505.829,,1.71,54.5094166,0.2401,308.0,4524.0,4.37,True,mass missing,"atmosphere_hold, magnetic_field"
111,HD 160691 c,HD 160691,2.494,2.754,8.2,10.0,15.5981,1398.4449908,,3947.0,4.17,,5773.0,5.7,True,radius missing,"atmosphere_hold, rocky_likelihood"
112,Kepler-55 c,Kepler-55,2.487,2.487,10.0,6.5,578.796,69.8,2.21,42.1516418,0.2095,349.0,4362.0,2.34,True,warm edge temperature,none
113,TOI-1470 c,TOI-1470,2.478,2.478,10.0,6.5,51.9503,7.24,2.47,18.08816,0.106,373.0,3709.0,1.3,True,warm edge temperature,none
114,Kepler-2000 c,Kepler-2000,2.477,2.736,8.2,6.5,320.588,,1.57,20.6180348,0.1228,359.0,3757.0,6.0,True,"warm edge temperature, mass missing","atmosphere_hold, magnetic_field"
115,Kepler-1389 b,Kepler-1389,2.467,2.724,8.2,10.0,497.093,,1.77,99.2530951,0.38249,300.0,5078.0,2.09,True,mass missing,"atmosphere_hold, magnetic_field"
116,K2-148 b,K2-148,2.465,2.865,7.4,10.0,124.458,,1.33,4.38395,0.0454,,4079.0,,True,mass missing,"atmosphere_hold, magnetic_field, system_age"
117,Kepler-1040 b,Kepler-1040,2.454,2.71,8.2,10.0,482.119,,2.08,201.1214,0.67249,300.0,5694.0,4.17,True,mass missing,"atmosphere_hold, magnetic_field"
118,Kepler-1582 b,Kepler-1582,2.453,2.709,8.2,6.5,78.8906,,1.49,4.83817712,0.0316,354.0,3208.0,7.76,True,"warm edge temperature, mass missing, M-dwarf flare/tidal-lock risk","atmosphere_hold, magnetic_field"
119,HD 93385 b,HD 93385,2.451,2.706,8.2,10.0,43.3475,,1.88,7.3426,0.0756,,5977.0,3.3,True,mass missing,"atmosphere_hold, magnetic_field"
120,HD 160691 e,HD 160691,2.438,2.692,8.2,10.0,15.5981,2224.798849,,307.9,0.96,,5773.0,5.7,True,radius missing,"atmosphere_hold, rocky_likelihood"
121,Kepler-1649 b,Kepler-1649,2.422,2.815,7.4,10.0,92.1913,,1.017,8.689099,0.0514,307.0,3240.0,,True,"mass missing, M-dwarf flare/tidal-lock risk","atmosphere_hold, magnetic_field, system_age"
122,EPIC 201170410.02,EPIC 201170410,2.396,2.786,7.4,10.0,134.0,,1.047,6.7987,0.0349,,3648.0,,True,"mass missing, M-dwarf flare/tidal-lock risk","atmosphere_hold, magnetic_field, system_age"
123,Kepler-235 e,Kepler-235,2.395,2.645,8.2,10.0,428.018,,2.22,46.183669,0.213,306.0,4255.0,6.0,True,mass missing,"atmosphere_hold, magnetic_field"
124,HD 10180 d,HD 10180,2.393,2.643,8.2,10.0,38.9607,3295.88058059,,16.357,0.12859,,5911.0,4.3,True,radius missing,"atmosphere_hold, rocky_likelihood"
125,HD 10180 c,HD 10180,2.393,2.643,8.2,10.0,38.9607,2741.587838782,,5.75969,0.06412,,5911.0,4.3,True,radius missing,"atmosphere_hold, rocky_likelihood"
126,Kepler-1090 b,Kepler-1090,2.387,2.636,8.2,10.0,858.77,,2.25,198.680179,0.63323,297.0,5321.0,4.37,True,mass missing,"atmosphere_hold, magnetic_field"
127,HD 181433 c,HD 181433,2.382,2.63,8.2,10.0,26.8762,2207.000458208,,1018.5,1.885,,4918.0,6.7,True,radius missing,"atmosphere_hold, rocky_likelihood"
128,BD-08 2823 b,BD-08 2823,2.363,2.61,8.2,10.0,41.3342,2948.494131739,,5.6,0.06,,4816.0,4.5,True,radius missing,"atmosphere_hold, rocky_likelihood"
129,TOI-2094 b,TOI-2094,2.363,2.747,7.4,10.0,50.0248,,1.9,18.793193,0.136,276.0,3435.0,,True,"mass missing, M-dwarf flare/tidal-lock risk","atmosphere_hold, magnetic_field, system_age"
130,Kepler-52 d,Kepler-52,2.356,2.356,10.0,6.5,321.542,88.8775,1.95,36.445171,0.182,332.0,4263.0,1.01,True,warm edge temperature,none
131,K2-129 b,K2-129,2.355,2.738,7.4,10.0,27.7957,,1.04,8.239493,0.057,,3459.09,,True,"mass missing, M-dwarf flare/tidal-lock risk","atmosphere_hold, magnetic_field, system_age"
132,GJ 163 c,GJ 163,2.35,2.595,8.2,10.0,15.1285,,2.5,25.63058,0.1254,,3500.0,6.0,True,"mass missing, M-dwarf flare/tidal-lock risk","atmosphere_hold, magnetic_field"
133,G 261-6 b,G 261-6,2.35,2.732,7.4,10.0,10.6267,,1.1,5.4536,0.02971,322.3,2907.0,,True,"mass missing, M-dwarf flare/tidal-lock risk","atmosphere_hold, magnetic_field, system_age"
134,GJ 581 c,GJ 581,2.345,2.345,10.0,10.0,6.2981,6.81,2.5,12.9211,0.0718,,3500.0,4.3,True,M-dwarf flare/tidal-lock risk,none
135,K2-72 d,K2-72,2.345,2.726,7.4,10.0,66.4321,,1.01,7.760178,0.05,,3360.47,,True,"mass missing, M-dwarf flare/tidal-lock risk","atmosphere_hold, magnetic_field, system_age"
136,K2-128 b,K2-128,2.341,2.721,7.4,10.0,114.637,,1.42,5.675819,0.056,,4469.51,,True,mass missing,"atmosphere_hold, magnetic_field, system_age"
137,HD 108236 f,HD 108236,2.322,2.565,8.2,10.0,64.5978,,2.017,29.54115,0.1758,,5660.0,6.7,True,mass missing,"atmosphere_hold, magnetic_field"
138,GJ 273 c,GJ 273,2.317,2.694,7.4,10.0,5.921535,,1.06,4.7234,0.036467,,3382.0,,True,"mass missing, M-dwarf flare/tidal-lock risk","atmosphere_hold, magnetic_field, system_age"
139,HD 96700 c,HD 96700,2.308,2.549,8.2,10.0,25.4111,,1.69,19.88,0.141,,5845.0,8.6,True,mass missing,"atmosphere_hold, magnetic_field"
140,Kepler-1503 b,Kepler-1503,2.303,2.543,8.2,10.0,1225.57,,2.27,96.16987,0.3771,321.0,5069.0,5.13,True,mass missing,"atmosphere_hold, magnetic_field"
141,TOI-1468 c,TOI-1468,2.296,2.394,9.2,6.5,24.7399,4.1,2.126,15.532477,0.08608,338.1,3376.0,,True,"warm edge temperature, M-dwarf flare/tidal-lock risk",system_age
142,Kepler-737 b,Kepler-737,2.295,2.534,8.2,10.0,205.118,,1.96,28.59915399,0.1422,298.0,3813.0,3.89,True,mass missing,"atmosphere_hold, magnetic_field"
143,K2-72 b,K2-72,2.286,2.657,7.4,10.0,66.4321,,1.08,5.577212,0.04,,3360.47,,True,"mass missing, M-dwarf flare/tidal-lock risk","atmosphere_hold, magnetic_field, system_age"
144,K2-146 c,K2-146,2.285,2.285,10.0,10.0,79.3002,7.49,2.19,4.00498,0.0327,,3385.0,5.0,True,M-dwarf flare/tidal-lock risk,none
145,HD 125595 b,HD 125595,2.283,2.521,8.2,10.0,28.1989,3531.07360177,,9.6737,0.08,,4691.0,3.53,True,radius missing,"atmosphere_hold, rocky_likelihood"
146,TOI-6716 b,TOI-6716,2.281,2.651,7.4,6.5,18.8873,,0.982,4.7185898,0.0319,369.0,3110.0,,True,"warm edge temperature, mass missing, M-dwarf flare/tidal-lock risk","atmosphere_hold, magnetic_field, system_age"
147,Kepler-160 d,Kepler-160,2.275,2.513,8.2,10.0,937.013,100.0,,30.0,0.17,,5471.0,6.03,True,radius missing,"atmosphere_hold, rocky_likelihood"
148,Kepler-439 b,Kepler-439,2.272,2.509,8.2,10.0,757.048,,2.24,178.1396,0.563,291.0,5431.0,7.2,True,mass missing,"atmosphere_hold, magnetic_field"
149,Kepler-437 b,Kepler-437,2.267,2.503,8.2,10.0,304.0,,2.14,66.65062,0.288,308.0,4551.0,2.9,True,mass missing,"atmosphere_hold, magnetic_field"
150,TOI-1452 b,TOI-1452,2.264,2.361,9.2,10.0,30.5212,4.82,1.672,11.06201,0.061,326.0,3185.0,,True,M-dwarf flare/tidal-lock risk,system_age
151,HD 181433 b,HD 181433,2.252,2.487,8.2,10.0,26.8762,1708.645516032,,9.3745,0.0828,,4918.0,6.7,True,radius missing,"atmosphere_hold, rocky_likelihood"
152,Kepler-1227 b,Kepler-1227,2.248,2.482,8.2,6.5,623.706,,2.29,94.2887577,0.38555,369.0,5747.0,4.17,True,"warm edge temperature, mass missing","atmosphere_hold, magnetic_field"
153,K2-80 c,K2-80,2.242,2.606,7.4,10.0,200.802,,1.47,5.605,0.0596,,5441.0,,True,mass missing,"atmosphere_hold, magnetic_field, system_age"
154,Kepler-331 d,Kepler-331,2.218,2.45,8.2,6.5,580.119,,1.64,32.134328,0.159,346.0,4347.0,1.2,True,"warm edge temperature, mass missing","atmosphere_hold, magnetic_field"
155,K2-88 b,K2-88,2.217,2.577,7.4,10.0,110.561,,1.23,4.6122,0.0345,,3537.0,,True,"mass missing, M-dwarf flare/tidal-lock risk","atmosphere_hold, magnetic_field, system_age"
156,Kepler-26 e,Kepler-26,2.211,2.441,8.2,10.0,335.307,,2.41,46.827915,0.22,276.0,4486.0,2.95,True,mass missing,"atmosphere_hold, magnetic_field"
157,Kepler-311 d,Kepler-311,2.204,2.434,8.2,10.0,778.654,,2.05,232.040326,0.7326,327.0,5903.0,1.95,True,mass missing,"atmosphere_hold, magnetic_field"
158,Kepler-1552 b,Kepler-1552,2.203,2.432,8.2,10.0,769.096,,2.47,184.771853,0.6011,268.0,5202.0,3.31,True,mass missing,"atmosphere_hold, magnetic_field"
159,GJ 3323 c,GJ 3323,2.2,2.557,7.4,10.0,5.37484,,1.32,40.54,0.1264,,3159.0,,True,"mass missing, M-dwarf flare/tidal-lock risk","atmosphere_hold, magnetic_field, system_age"
160,Kepler-482 b,Kepler-482,2.198,2.427,8.2,6.5,313.068,,2.36,56.35418576,0.25787,352.0,4871.0,6.03,True,"warm edge temperature, mass missing","atmosphere_hold, magnetic_field"
161,Wolf 1061 b,Wolf 1061,2.196,2.553,7.4,10.0,4.30592,,1.21,4.8869,0.0375,,3342.0,,True,"mass missing, M-dwarf flare/tidal-lock risk","atmosphere_hold, magnetic_field, system_age"
162,HD 179079 b,HD 179079,2.191,2.419,8.2,10.0,69.7116,4195.3349724,,14.479,0.1214,,5646.0,6.99,True,radius missing,"atmosphere_hold, rocky_likelihood"
163,HD 1461 c,HD 1461,2.184,2.412,8.2,10.0,23.4534,,2.23,13.5052,0.1117,,5765.0,7.12,True,mass missing,"atmosphere_hold, magnetic_field"
164,Kepler-988 b,Kepler-988,2.176,2.403,8.2,6.5,304.889,,2.07,17.76080053,0.1085,368.0,4005.0,3.16,True,"warm edge temperature, mass missing","atmosphere_hold, magnetic_field"
165,Kepler-1020 b,Kepler-1020,2.153,2.377,8.2,10.0,415.358,,2.28,96.9151496,0.37594,325.0,5227.0,3.63,True,mass missing,"atmosphere_hold, magnetic_field"
166,HD 176986 d,HD 176986,2.151,2.376,8.2,6.5,27.7843,,2.49,61.376,0.28149,363.0,4931.0,4.3,True,"warm edge temperature, mass missing","atmosphere_hold, magnetic_field"
167,K2-72 c,K2-72,2.151,2.5,7.4,10.0,66.4321,,1.16,15.189034,0.078,,3360.47,,True,"mass missing, M-dwarf flare/tidal-lock risk","atmosphere_hold, magnetic_field, system_age"
168,LTT 3780 c,LTT 3780,2.15,2.15,10.0,6.5,21.9814,8.04,2.39,12.252284,0.0757,359.0,3358.0,3.1,True,"warm edge temperature, M-dwarf flare/tidal-lock risk",none
169,GJ 3323 b,GJ 3323,2.147,2.496,7.4,10.0,5.37484,,1.23,5.3636,0.03282,,3159.0,,True,"mass missing, M-dwarf flare/tidal-lock risk","atmosphere_hold, magnetic_field, system_age"
170,Kepler-260 c,Kepler-260,2.146,2.37,8.2,6.5,627.365,,1.74,76.050178,0.332,372.0,5250.0,1.15,True,"warm edge temperature, mass missing","atmosphere_hold, magnetic_field"
171,K2-18 b,K2-18,2.143,2.234,9.2,10.0,38.0266,8.92,2.37,32.939623,0.1429,284.0,3457.0,,True,M-dwarf flare/tidal-lock risk,system_age
172,K2-83 c,K2-83,2.138,2.486,7.4,10.0,125.529,,1.483,9.99767,0.07131,,3910.0,,True,mass missing,"atmosphere_hold, magnetic_field, system_age"
173,Kepler-230 c,Kepler-230,2.135,2.358,8.2,6.5,740.754,,2.04,91.773242,0.38,359.0,5588.0,1.8,True,"warm edge temperature, mass missing","atmosphere_hold, magnetic_field"
174,HD 134606 f,HD 134606,2.127,2.349,8.2,10.0,26.7909,,2.24,26.915,0.1784,,5576.0,7.3,True,mass missing,"atmosphere_hold, magnetic_field"
175,K2-116 b,K2-116,2.125,2.47,7.4,10.0,49.3855,,0.69,4.655411,0.048,,4348.35,,True,mass missing,"atmosphere_hold, magnetic_field, system_age"
176,TOI-6002 b,TOI-6002,2.125,2.347,8.2,10.0,32.0266,,1.65,10.904821,0.05722,321.4,3229.0,6.35,True,"mass missing, M-dwarf flare/tidal-lock risk","atmosphere_hold, magnetic_field"
177,GJ 273 b,GJ 273,2.125,2.47,7.4,10.0,5.921535,,1.51,18.6498,0.091101,,3382.0,,True,"mass missing, M-dwarf flare/tidal-lock risk","atmosphere_hold, magnetic_field, system_age"
178,Kepler-267 d,Kepler-267,2.119,2.34,8.2,10.0,264.993,,2.27,28.464515,0.154,301.0,4258.0,3.06,True,mass missing,"atmosphere_hold, magnetic_field"
179,Kepler-1388 e,Kepler-1388,2.11,2.33,8.2,10.0,453.795,,2.46,37.6327084,0.1861,299.0,4098.0,4.47,True,mass missing,"atmosphere_hold, magnetic_field"
180,HD 35843 b,HD 35843,2.093,2.311,8.2,10.0,69.6026,,2.29,9.8991,0.088,,5666.0,2.5,True,mass missing,"atmosphere_hold, magnetic_field"
181,Kepler-249 d,Kepler-249,2.09,2.308,8.2,6.5,190.401,,1.57,15.368459,0.097,332.0,3568.0,3.86,True,"warm edge temperature, mass missing, M-dwarf flare/tidal-lock risk","atmosphere_hold, magnetic_field"
182,HD 1461 b,HD 1461,2.081,2.298,8.2,10.0,23.4534,,2.42,5.77152,0.0634,,5765.0,7.12,True,mass missing,"atmosphere_hold, magnetic_field"
183,Kepler-61 b,Kepler-61,2.078,2.294,8.2,10.0,335.079,,2.15,59.87756,0.24861,273.0,4017.0,1.0,True,mass missing,"atmosphere_hold, magnetic_field"
184,K2-133 b,K2-133,2.064,2.399,7.4,10.0,75.1703,,1.34,3.07133,0.03194,,3655.0,,True,"mass missing, M-dwarf flare/tidal-lock risk","atmosphere_hold, magnetic_field, system_age"
185,rho CrB e,rho CrB,2.056,2.27,8.2,10.0,17.4671,,1.75,12.904,0.1061,,5817.0,10.2,True,mass missing,"atmosphere_hold, magnetic_field"
186,Kepler-560 b,Kepler-560,2.051,2.265,8.2,10.0,109.308,,1.72,18.47764449,0.0899,298.0,3556.0,4.07,True,"mass missing, M-dwarf flare/tidal-lock risk","atmosphere_hold, magnetic_field"
187,Kepler-152 c,Kepler-152,2.033,2.245,8.2,10.0,441.09,,2.39,88.255055,0.356,326.0,5088.0,2.0,True,mass missing,"atmosphere_hold, magnetic_field"
188,Kepler-298 d,Kepler-298,2.027,2.239,8.2,10.0,518.204,,2.5,77.473633,0.305,277.0,4465.0,2.4,True,mass missing,"atmosphere_hold, magnetic_field"
189,Kepler-786 b,Kepler-786,2.026,2.237,8.2,6.5,485.318,,2.43,53.5293487,0.25483,348.0,4838.0,2.51,True,"warm edge temperature, mass missing","atmosphere_hold, magnetic_field"
190,HD 164922 d,HD 164922,2.021,2.232,8.2,10.0,22.0016,,1.83,12.458,0.103,,5390.0,9.58,True,mass missing,"atmosphere_hold, magnetic_field"
191,HIP 57274 b,HIP 57274,2.017,2.228,8.2,10.0,25.8618,3359.44626199,,8.1352,0.07,,4510.0,7.87,True,radius missing,"atmosphere_hold, rocky_likelihood"
192,HD 202696 b,HD 202696,1.991,2.198,8.2,10.0,188.546,634.38868,,517.8,1.566,,5040.0,1.32,True,radius missing,"atmosphere_hold, rocky_likelihood"
193,HD 202696 c,HD 202696,1.991,2.199,8.2,10.0,188.546,592.43512,,946.6,2.342,,5040.0,1.32,True,radius missing,"atmosphere_hold, rocky_likelihood"
194,Kepler-1052 c,Kepler-1052,1.98,2.187,8.2,10.0,943.444,,2.3,180.921729,0.6135,302.0,5818.0,1.2,True,mass missing,"atmosphere_hold, magnetic_field"
195,GJ 514 b,GJ 514,1.976,2.182,8.2,10.0,7.61778,,2.13,140.43,0.422,202.0,3728.0,0.8,True,mass missing,"atmosphere_hold, magnetic_field"
196,GJ 536 c,GJ 536,1.957,2.161,8.2,10.0,10.4092,,2.3,32.761,0.1617,290.5,3641.0,4.2,True,"mass missing, M-dwarf flare/tidal-lock risk","atmosphere_hold, magnetic_field"
197,TOI-5713 b,TOI-5713,1.95,2.154,8.2,6.5,40.8668,,1.77,10.441989,0.06008,347.2,3225.0,4.5,True,"warm edge temperature, mass missing, M-dwarf flare/tidal-lock risk","atmosphere_hold, magnetic_field"
198,GJ 251 b,GJ 251,1.894,2.092,8.2,6.5,5.58057,,1.79,14.237,0.0808,336.0,3342.0,6.8,True,"warm edge temperature, mass missing, M-dwarf flare/tidal-lock risk","atmosphere_hold, magnetic_field"
199,HD 154088 b,HD 154088,1.889,2.086,8.2,10.0,18.2692,,2.46,18.56,0.134,,5374.0,8.0,True,mass missing,"atmosphere_hold, magnetic_field"
200,Kepler-69 c,Kepler-69,1.884,2.081,8.2,10.0,730.625,,1.71,242.4613,0.64,299.0,5638.0,13.18,True,mass missing,"atmosphere_hold, magnetic_field"
201,HD 39194 b,HD 39194,1.847,2.04,8.2,10.0,26.4131,,1.99,5.63692,0.05895,,5205.0,10.0,True,mass missing,"atmosphere_hold, magnetic_field"
202,TOI-2096 c,TOI-2096,1.84,2.032,8.2,6.5,48.4809,,1.914,6.38784,0.04,349.0,3300.0,4.0,True,"warm edge temperature, mass missing, M-dwarf flare/tidal-lock risk","atmosphere_hold, magnetic_field"
203,GJ 3929 c,GJ 3929,1.836,2.027,8.2,10.0,15.8095,,2.26,15.04,0.081,317.0,3384.0,7.1,True,"mass missing, M-dwarf flare/tidal-lock risk","atmosphere_hold, magnetic_field"
204,GJ 1137 c,HD 93083,1.807,1.995,8.2,10.0,28.5159,,2.11,9.6412,0.0835,,5033.8,10.71,True,mass missing,"atmosphere_hold, magnetic_field"
205,GJ 625 b,GJ 625,1.801,2.094,7.4,10.0,6.47249,,1.49,14.628,0.078361,,3499.0,,True,"mass missing, M-dwarf flare/tidal-lock risk","atmosphere_hold, magnetic_field, system_age"
206,Kepler-1816 b,Kepler-1816,1.801,1.989,8.2,10.0,437.823,,1.9679397,91.50099945,0.35647,310.0,5051.0,0.7,True,mass missing,"atmosphere_hold, magnetic_field"
207,K2-9 b,K2-9,1.799,1.987,8.2,10.0,82.9631,,2.25,18.4498,0.091,314.0,3390.0,1.0,True,"mass missing, M-dwarf flare/tidal-lock risk","atmosphere_hold, magnetic_field"
208,TOI-712 d,TOI-712,1.783,1.968,8.2,10.0,58.6212,,2.474,84.8396,0.3405,313.6,4622.0,0.83,True,mass missing,"atmosphere_hold, magnetic_field"
209,HD 39194 d,HD 39194,1.776,1.962,8.2,10.0,26.4131,,2.12,33.874,0.1949,,5205.0,10.0,True,mass missing,"atmosphere_hold, magnetic_field"
210,GJ 3998 c,GJ 3998,1.724,1.904,8.2,10.0,18.1459,,2.5,13.727,0.09,,3726.0,8.38,True,mass missing,"atmosphere_hold, magnetic_field"
211,Wolf 1061 c,Wolf 1061,1.713,1.992,7.4,10.0,4.30592,,1.66,17.8719,0.089,,3342.0,,True,"mass missing, M-dwarf flare/tidal-lock risk","atmosphere_hold, magnetic_field, system_age"
212,Proxima Cen d,Proxima Cen,1.683,1.956,7.4,10.0,1.30119,,0.692,5.12338,0.02881,282.0,2900.0,,True,"mass missing, M-dwarf flare/tidal-lock risk","atmosphere_hold, magnetic_field, system_age"
213,Kepler-236 c,Kepler-236,1.681,1.856,8.2,10.0,288.763,,2.0,23.968127,0.132,329.0,3750.0,0.91,True,mass missing,"atmosphere_hold, magnetic_field"
214,Kepler-1632 b,Kepler-1632,1.664,1.837,8.2,6.5,716.76,,2.47,448.303558,0.6762,369.0,6137.0,3.09,True,"warm edge temperature, mass missing","atmosphere_hold, magnetic_field"
215,TOI-2285 b,TOI-2285,1.648,1.718,9.2,6.5,42.409,19.5,1.77,13.635109,0.1363,358.0,3491.0,,True,"warm edge temperature, M-dwarf flare/tidal-lock risk",system_age
216,K2-68 b,K2-68,1.642,1.909,7.4,10.0,168.652,,1.58,8.05428,0.0708,,4746.0,,True,mass missing,"atmosphere_hold, magnetic_field, system_age"
217,Ross 508 b,Ross 508,1.636,1.902,7.4,10.0,11.2103,,1.83,10.77,0.05366,,3071.0,,True,"mass missing, M-dwarf flare/tidal-lock risk","atmosphere_hold, magnetic_field, system_age"
218,GJ 357 d,GJ 357,1.634,1.899,7.4,10.0,9.44181,,2.34,55.661,0.204,219.6,3505.0,,True,"mass missing, M-dwarf flare/tidal-lock risk","atmosphere_hold, magnetic_field, system_age"
219,GJ 887 c,GJ 887,1.596,1.762,8.2,10.0,3.28679,,2.43,21.784,0.121,320.0,3688.0,2.9,True,"mass missing, M-dwarf flare/tidal-lock risk","atmosphere_hold, magnetic_field"
220,TOI-5799 c,TOI-5799,1.584,1.749,8.2,6.5,27.8123,,1.76,14.010449,0.0782,337.0,3452.0,9.6,True,"warm edge temperature, mass missing, M-dwarf flare/tidal-lock risk","atmosphere_hold, magnetic_field"
221,K2-50 b,K2-50,1.583,1.84,7.4,10.0,257.443,,1.59,8.7529,0.0705,,4326.0,,True,mass missing,"atmosphere_hold, magnetic_field, system_age"
222,GJ 682 b,GJ 682,1.582,1.84,7.4,10.0,5.00671,,1.93,17.478,0.08,,3028.0,,True,"mass missing, M-dwarf flare/tidal-lock risk","atmosphere_hold, magnetic_field, system_age"
223,K2-65 b,K2-65,1.574,1.829,7.4,10.0,72.2,,1.58,12.6475,0.1014,,5213.0,,True,mass missing,"atmosphere_hold, magnetic_field, system_age"
224,L 363-38 b,L 363-38,1.544,1.705,8.2,10.0,10.2295,,2.0,8.781,0.048,330.0,3129.0,8.07,True,"mass missing, M-dwarf flare/tidal-lock risk","atmosphere_hold, magnetic_field"
225,K2-58 d,K2-58,1.539,1.789,7.4,10.0,181.746,,1.71,22.8827,0.1517,,5413.0,,True,mass missing,"atmosphere_hold, magnetic_field, system_age"
226,K2-148 d,K2-148,1.525,1.773,7.4,10.0,124.458,,1.64,9.7579,0.0774,,4079.0,,True,mass missing,"atmosphere_hold, magnetic_field, system_age"
227,K2-47 b,K2-47,1.522,1.769,7.4,10.0,349.881,,1.89,31.6372,0.1779,,5054.0,,True,mass missing,"atmosphere_hold, magnetic_field, system_age"
228,Kepler-1858 b,Kepler-1858,1.51,1.667,8.2,10.0,833.055,,2.42168247,88.07160187,0.3575,330.0,4939.0,0.7,True,mass missing,"atmosphere_hold, magnetic_field"
229,55 Cnc B b,55 Cnc B,1.494,1.65,8.2,10.0,12.4773,,1.69,6.7994,0.044,,3286.0,10.0,True,"mass missing, M-dwarf flare/tidal-lock risk","atmosphere_hold, magnetic_field"
230,K2-149 b,K2-149,1.482,1.723,7.4,10.0,123.676,,1.64,11.332,0.083,,3745.0,,True,mass missing,"atmosphere_hold, magnetic_field, system_age"
231,K2-148 c,K2-148,1.479,1.719,7.4,10.0,124.458,,1.73,6.9226,0.0616,,4079.0,,True,mass missing,"atmosphere_hold, magnetic_field, system_age"
232,GJ 667 C b,GJ 667 C,1.475,1.629,8.2,10.0,7.24396,,2.25,7.203,0.050431,,3350.0,2.0,True,"mass missing, M-dwarf flare/tidal-lock risk","atmosphere_hold, magnetic_field"
233,Kepler-1874 b,Kepler-1874,1.461,1.613,8.2,6.5,408.007,,2.21110724,56.57320023,0.2633,356.0,4701.0,13.8,True,"warm edge temperature, mass missing","atmosphere_hold, magnetic_field"
234,Barnard e,Barnard's star,1.44,1.674,7.4,6.5,1.82655,,0.637,6.7392,0.0381,340.0,3195.0,,True,"warm edge temperature, mass missing, M-dwarf flare/tidal-lock risk","atmosphere_hold, magnetic_field, system_age"
235,K2-81 b,K2-81,1.432,1.664,7.4,10.0,252.318,,1.97,6.102325,0.059,,4674.13,,True,mass missing,"atmosphere_hold, magnetic_field, system_age"
236,K2-86 b,K2-86,1.421,1.652,7.4,10.0,258.699,,1.96,8.77683,0.077,,5482.0,,True,mass missing,"atmosphere_hold, magnetic_field, system_age"
237,K2-84 c,K2-84,1.412,1.642,7.4,10.0,284.876,,2.03,27.86,0.1768,,5652.0,,True,mass missing,"atmosphere_hold, magnetic_field, system_age"
238,K2-414 c,K2-414,1.41,1.639,7.4,10.0,260.036,,1.9287,6.669,0.0552,,4343.0,,True,mass missing,"atmosphere_hold, magnetic_field, system_age"
239,GJ 676 A d,GJ 676 A,1.408,1.637,7.4,10.0,16.0272,,1.78,3.60076,0.039,,3734.0,,True,mass missing,"atmosphere_hold, magnetic_field, system_age"
240,Kepler-1849 b,Kepler-1849,1.397,1.542,8.2,6.5,631.884,,2.38685349,57.29290009,0.2597,355.0,4806.0,13.5,True,"warm edge temperature, mass missing","atmosphere_hold, magnetic_field"
241,TOI-406.01,TOI-406,1.391,1.45,9.2,6.5,31.0597,6.57,2.08,13.175682,0.0809,368.0,3392.0,,True,"warm edge temperature, M-dwarf flare/tidal-lock risk",system_age
242,K2-80 b,K2-80,1.389,1.614,7.4,10.0,200.802,,2.01,19.0918,0.135,,5441.0,,True,mass missing,"atmosphere_hold, magnetic_field, system_age"
243,K2-49 b,K2-49,1.388,1.613,7.4,10.0,457.125,,1.93,2.77065,0.0309,,4175.0,,True,mass missing,"atmosphere_hold, magnetic_field, system_age"
244,K2-412 b,K2-412,1.358,1.579,7.4,10.0,654.085,,2.116,5.9382,0.0586,,5590.0,,True,mass missing,"atmosphere_hold, magnetic_field, system_age"
245,GJ 3138 c,GJ 3138,1.354,1.575,7.4,10.0,28.4712,,1.88,5.974,0.057,,3717.0,,True,mass missing,"atmosphere_hold, magnetic_field, system_age"
246,K2-64 b,K2-64,1.337,1.554,7.4,10.0,499.891,,2.07,6.53044,0.0619,,5312.0,,True,mass missing,"atmosphere_hold, magnetic_field, system_age"
247,Kepler-1802 c,Kepler-1802,1.334,1.473,8.2,6.5,636.694,,2.322,33.13610077,0.1748,357.0,4245.0,13.9,True,"warm edge temperature, mass missing","atmosphere_hold, magnetic_field"
248,K2-42 b,K2-42,1.331,1.547,7.4,10.0,396.913,,2.15,6.68796,0.0617,,4613.0,,True,mass missing,"atmosphere_hold, magnetic_field, system_age"
249,K2-48 b,K2-48,1.321,1.536,7.4,10.0,313.764,,2.24,20.5065,0.1344,,4899.0,,True,mass missing,"atmosphere_hold, magnetic_field, system_age"
250,K2-59 c,K2-59,1.31,1.523,7.4,10.0,311.313,,2.3,11.2954,0.0905,,5055.0,,True,mass missing,"atmosphere_hold, magnetic_field, system_age"
251,K2-286 b,K2-286,1.277,1.484,7.4,6.5,76.1486,,2.1,27.359,0.1768,347.0,3926.0,,True,"warm edge temperature, mass missing","atmosphere_hold, magnetic_field, system_age"
252,HD 20781 c,HD 20781,1.276,1.484,7.4,10.0,35.9715,,2.17,13.8905,0.1004,,5256.0,,True,mass missing,"atmosphere_hold, magnetic_field, system_age"
253,TOI-1752 c,TOI-1752,1.262,1.467,7.4,10.0,103.021,,2.29,32.71443,0.1614,291.0,3762.0,,True,mass missing,"atmosphere_hold, magnetic_field, system_age"
254,K2-59 b,K2-59,1.254,1.457,7.4,10.0,311.313,,2.41,20.6921,0.1354,,5055.0,,True,mass missing,"atmosphere_hold, magnetic_field, system_age"
255,K2-71 b,K2-71,1.252,1.456,7.4,10.0,153.192,,2.15,6.98541,0.0559,,4006.0,,True,mass missing,"atmosphere_hold, magnetic_field, system_age"
256,K2-323 b,K2-323,1.25,1.454,7.4,10.0,118.318,,2.1,24.93,0.1275,318.0,3710.0,,True,mass missing,"atmosphere_hold, magnetic_field, system_age"
257,K2-133 e,K2-133,1.246,1.449,7.4,10.0,75.1703,,1.73,26.5841,0.1346,296.0,3655.0,,True,"mass missing, M-dwarf flare/tidal-lock risk","atmosphere_hold, magnetic_field, system_age"
258,K2-84 b,K2-84,1.216,1.414,7.4,10.0,284.876,,2.41,6.4215,0.0665,,5652.0,,True,mass missing,"atmosphere_hold, magnetic_field, system_age"
259,HD 215152 c,HD 215152,1.192,1.385,7.4,10.0,21.5974,468.796900325,,7.28243,0.067393,,4935.0,,True,radius missing,"atmosphere_hold, rocky_likelihood, system_age"
260,HD 215152 e,HD 215152,1.192,1.385,7.4,10.0,21.5974,975.415381083,,25.1967,0.15417,,4935.0,,True,radius missing,"atmosphere_hold, rocky_likelihood, system_age"
261,K2-152 b,K2-152,1.192,1.386,7.4,6.5,108.449,,2.29,32.6479,0.1716,337.0,4044.0,,True,"warm edge temperature, mass missing","atmosphere_hold, magnetic_field, system_age"
262,HD 215152 d,HD 215152,1.192,1.385,7.4,10.0,21.5974,770.416058568,,10.86499,0.08799,,4935.0,,True,radius missing,"atmosphere_hold, rocky_likelihood, system_age"
263,HD 215152 b,HD 215152,1.192,1.385,7.4,10.0,21.5974,565.416736053,,5.75999,0.057638,,4935.0,,True,radius missing,"atmosphere_hold, rocky_likelihood, system_age"
264,K2-69 b,K2-69,1.18,1.372,7.4,10.0,180.697,,2.32,7.06599,0.0591,,4127.0,,True,mass missing,"atmosphere_hold, magnetic_field, system_age"
265,Gl 49 b,Gl 49,1.18,1.372,7.4,10.0,9.8528,,2.24,13.8508,0.0905,,3805.0,,True,mass missing,"atmosphere_hold, magnetic_field, system_age"
266,K2-125 b,K2-125,1.178,1.37,7.4,10.0,124.156,,2.18,21.750264,0.121,,3654.47,,True,"mass missing, M-dwarf flare/tidal-lock risk","atmosphere_hold, magnetic_field, system_age"
267,K2-133 c,K2-133,1.162,1.35,7.4,10.0,75.1703,,1.603,4.86784,0.04341,,3655.0,,True,"mass missing, M-dwarf flare/tidal-lock risk","atmosphere_hold, magnetic_field, system_age"
268,LP 791-18 c,LP 791-18,1.12,1.12,10.0,10.0,26.4927,7.16,2.488,4.98991,0.02961,324.4,2960.0,0.5,True,M-dwarf flare/tidal-lock risk,none
269,GJ 3293 e,GJ 3293,1.104,1.283,7.4,10.0,20.1903,,1.63,13.2543,0.08208,,3466.0,,True,"mass missing, M-dwarf flare/tidal-lock risk","atmosphere_hold, magnetic_field, system_age"
270,WASP-53 c,WASP-53,1.096,1.465,5.6,10.0,201.338,,,2840.0,3.73,,4953.0,,True,"medium data confidence, mass missing, radius missing","atmosphere_hold, magnetic_field, rocky_likelihood, system_age"
271,GJ 676 A e,GJ 676 A,1.064,1.237,7.4,10.0,16.0272,,2.47,35.47358,0.181,,3734.0,,True,mass missing,"atmosphere_hold, magnetic_field, system_age"
272,GJ 3988 b,GJ 3988,1.024,1.19,7.4,6.5,9.9105,,1.74,6.9442,0.0405,348.0,3273.0,,True,"warm edge temperature, mass missing, M-dwarf flare/tidal-lock risk","atmosphere_hold, magnetic_field, system_age"
273,GJ 180 b,GJ 180,1.0,1.163,7.4,10.0,11.9407,,2.43,17.133,0.092,,3371.0,,True,"mass missing, M-dwarf flare/tidal-lock risk","atmosphere_hold, magnetic_field, system_age"
274,GJ 508.2 b,GJ 508.2,0.948,1.267,5.6,10.0,16.6374,,,5300.0,4.85,,3720.0,,True,"medium data confidence, mass missing, radius missing","atmosphere_hold, magnetic_field, rocky_likelihood, system_age"
275,K2-74 b,K2-74,0.919,1.068,7.4,10.0,377.822,,2.31,19.5666,0.1402,,6060.0,,True,mass missing,"atmosphere_hold, magnetic_field, system_age"
276,K2-150 b,K2-150,0.918,1.067,7.4,10.0,102.483,,2.0,10.59357,0.0727,,3499.0,,True,"mass missing, M-dwarf flare/tidal-lock risk","atmosphere_hold, magnetic_field, system_age"
277,DMPP-6 b,DMPP-6,0.897,1.043,7.4,10.0,54.6303,,2.28,7.6027,0.0779,,6182.09,,True,mass missing,"atmosphere_hold, magnetic_field, system_age"
278,K2-332 b,K2-332,0.74,0.894,6.85,10.0,123.202,,2.2,17.70632,,266.0,3315.0,,True,"medium data confidence, habitable-zone data missing, mass missing, M-dwarf flare/tidal-lock risk","atmosphere_hold, habitable_zone, magnetic_field, system_age"
279,GJ 433 b,GJ 433,0.738,0.858,7.4,10.0,9.06456,,2.33,7.3705,0.062,,3461.0,,True,"mass missing, M-dwarf flare/tidal-lock risk","atmosphere_hold, magnetic_field, system_age"
280,GJ 1289 b,GJ 1289,0.713,0.898,7.4,10.0,8.35147,,2.38,111.74,0.27,150.0,3296.0,,True,"mass missing, M-dwarf flare/tidal-lock risk","atmosphere_hold, magnetic_field, system_age"
281,GJ 3341 b,GJ 3341,0.688,0.8,7.4,10.0,23.619,,2.46,14.207,0.089,,3526.0,,True,"mass missing, M-dwarf flare/tidal-lock risk","atmosphere_hold, magnetic_field, system_age"
